{"computer":"1. a programmable electronic device designed to accept data, perform prescribed mathematical and logical operations at high speed, and display the results of these operations. Mainframes, desktop and laptop computers, tablets, and smartphones are some of the different types of computers.\n2. a person who computes; computist.\n","dictionary":"1. a book giving information on particular subjects or on a particular class of words, names, or facts, usually arranged alphabetically:\n","program":"1. a plan of action to accomplish a specified end.\n2. a plan or schedule of activities, procedures, etc., to be followed.\n","university":"1. an institution of learning of the highest level, having a college of liberal arts and a program of graduate studies together with several professional schools, as of theology, law, medicine, and engineering, and authorized to confer both undergraduate and graduate degrees. Continental European universities usually have only graduate or professional schools.\n","science":"1. a branch of knowledge or study dealing with a body of facts or truths systematically arranged and showing the operation of general laws.\n2. systematic knowledge of the physical or material world gained through observation and experimentation.\n3. any of the branches of natural or physical science.\n4. systematized knowledge in general.\n5. knowledge, as of facts or principles; knowledge gained by systematic study.\n6. a particular branch of knowledge.\n"}